{"2": [[0.031910222389452604, -0.04209286997170105, 0.9986039895797575, 0.032245541450475985], [-0.014342643925631414, 0.9989906395014244, 0.04256748470100372, 0.10941303248778943], [0.9993878257574906, 0.01568095934862555, -0.031274290425656645, -0.052641712255122], [0.0, 0.0, 0.0, 1.0]], "4": [[0.05936111901607501, -0.029791277808960365, 0.9977919308732001, 0.05079485523473032], [-0.02507409833512691, 0.9991946964600905, 0.031324880825224215, 0.10429929150645008], [0.9979216137261708, 0.026878212971542286, -0.05856632586748676, -0.06071811842767367], [0.0, 0.0, 0.0, 1.0]], "5": [[0.024016898729103068, -0.025601017025567684, 0.9993836983374765, 0.019504941855000586], [0.050216092853341915, 0.9984410061421719, 0.024370089707443678, 0.0997159437921913], [0.998449564371671, -0.04959985061530423, -0.025265039579596638, -0.06905761554011158], [0.0, 0.0, 0.0, 1.0]], "7": [[0.03066848541163096, 0.012636358638621585, 0.999449731823922, 0.0415751493299888], [-0.0681942712102784, 0.9976165886907857, -0.010520615146473723, 0.07517183462327023], [0.997200574296195, 0.06783409474090009, -0.03145711706477719, -0.0783727733731878], [0.0, 0.0, 0.0, 1.0]], "8": [[0.019341551835393184, 0.004041597420592331, 0.9998047658732655, 0.05533872873972992], [-0.030262455092505223, 0.9995360154973006, -0.003455073886518856, 0.006145970814512731], [0.9993548359738796, 0.030189720337844277, -0.01945488631552613, -0.0872315409728634], [0.0, 0.0, 0.0, 1.0]], "9": [[0.11122817507656939, -0.015822736177829637, 0.993668925794194, 0.044761990363371994], [-0.005294305988434092, 0.999849621344769, 0.01651378275346335, 0.05631292768691815], [0.9937807924251909, 0.007097585263629721, -0.11112767832627735, -0.035657671812485865], [0.0, 0.0, 0.0, 1.0]], "11": [[0.018062947834938597, -0.044143126881655184, 0.9988619095073293, 0.02017737711671308], [0.010233330737075002, 0.9989807331174193, 0.04396332337540782, 0.11676495298964061], [0.999784481204597, -0.009427577063877274, -0.01849626808755772, -0.08674598755438398], [0.0, 0.0, 0.0, 1.0]], "12": [[0.005117714653166388, -0.033908343248601834, 0.9994118436634961, 0.03373222961618839], [0.07119342864178206, 0.9969012076595863, 0.033458599568645324, 0.11699082863977621], [0.9974493995762216, -0.07098032421032505, -0.007515907133627176, -0.06575175656085168], [0.0, 0.0, 0.0, 1.0]]}