{"0": [[0.005809622779989422, 0.04206999485592346, 0.9990977749029246, -0.0007026575780616515], [-0.0022165478373796094, 0.9991127232757786, -0.04205773536626538, 0.05027518711765216], [0.9999806674125452, 0.001970208434833272, -0.005897718193036689, -0.03310970860409547], [0.0, 0.0, 0.0, 1.0]], "3": [[0.01274340575042073, 0.01652269202878438, 0.9997822794278786, 0.007998676614692767], [-0.007638533041972792, 0.9998359026548629, -0.016426216098162895, 0.04587467517764261], [0.9998896231198975, 0.007427544039505398, -0.012867523720373288, -0.029796868972595474], [0.0, 0.0, 0.0, 1.0]], "5": [[0.011068995778126336, 0.010914216134842164, 0.9998791713095266, 0.004586482815924439], [0.01792760745614271, 0.9997775421923354, -0.011111571390112682, 0.04651753516437111], [0.9997780144728946, -0.018048435223616592, -0.010870867611035487, -0.04857447504580633], [0.0, 0.0, 0.0, 1.0]], "8": [[0.10801083080208411, -0.002082758757159605, 0.9941475356029431, -0.014992743511555849], [-0.0067411102777326865, 0.9999732813682037, 0.00282736307203824, -0.014017475126395755], [0.9941268620561841, 0.007007044004225356, -0.10799390479400181, -0.031200907679431664], [0.0, 0.0, 0.0, 1.0]], "11": [[0.023211777861044502, -0.02616593384584455, 0.9993880914212006, -0.0067786597982188515], [0.011630740701867088, 0.9995968439314533, 0.02590126392689302, 0.06447334863252668], [0.9996629128057458, -0.01102240936726319, -0.023506749083721256, -0.03117632501458636], [0.0, 0.0, 0.0, 1.0]], "12": [[-0.030851938430184325, 0.011499728961803462, 0.999457810079501, -0.004477694305279521], [-0.20611162836957128, 0.9783698433723252, -0.01761948439823201, 0.057752167030798024], [0.9780420003997536, 0.20654347196999678, 0.027814378307545934, 0.017484635325970457], [0.0, 0.0, 0.0, 1.0]], "13": [[0.006315106754698377, 0.051974708959587876, 0.998628433930882, -0.006112392543644885], [-0.18156673159100703, 0.9821083694119143, -0.04996671602614757, 0.07023476329806345], [0.9833583484193554, 0.1810021556767888, -0.01563899722870514, 0.005562528898504393], [0.0, 0.0, 0.0, 1.0]], "18": [[-0.024928170096117083, 0.03200408471572209, 0.999176823638923, 0.003293151603338552], [-0.1845665556720421, 0.982158133178639, -0.03606366534914085, 0.0671099772123295], [0.9825038284215611, 0.18531362603048057, 0.018576521321744657, 0.010475559115643317], [0.0, 0.0, 0.0, 1.0]], "23": [[0.0298190654510149, -0.04434078250398771, 0.9985713386346332, 0.04387141328482771], [-0.031967132580595345, 0.9984622527196384, 0.045290532438896525, 0.043847142836274826], [0.9990440059227653, 0.03327198372442372, -0.0283557635911823, -0.10477379811163708], [0.0, 0.0, 0.0, 1.0]], "24": [[-0.007344649563661989, 0.05154182587081647, 0.9986438285538513, 0.008178353568067754], [-0.024821720980780476, 0.9983536546322365, -0.051709403883762335, 0.008681535384432644], [0.9996649130035253, 0.025167845922214105, 0.006053200913269666, -0.041319548468973795], [0.0, 0.0, 0.0, 1.0]]}