{"0": [[0.038559020653882614, -0.03175409468720008, 0.9987516605226809, 0.023058540592168518], [-0.00775756023652409, 0.9994553280387978, 0.032075964740614804, 0.0784777115889988], [0.999226211718545, 0.008984693954759686, -0.038291684334187226, -0.059839275051850084], [0.0, 0.0, 0.0, 1.0]], "1": [[0.032268805548156344, -0.026482283487866045, 0.9991283265175561, 0.03232371599767059], [-0.015504874420265493, 0.9995153628131529, 0.026993302312040904, 0.05943530342631881], [0.9993589560601904, 0.016362400855794993, -0.03184256240517122, -0.05425833579605338], [0.0, 0.0, 0.0, 1.0]], "2": [[0.030992184810981465, -0.032638487147259074, 0.9989865933221415, 0.025240430482601807], [0.011773198699322944, 0.999409294625119, 0.03228705017982933, 0.051066284793107354], [0.9994502870443494, -0.010760621434970193, -0.031358136955263675, -0.05157584286145563], [0.0, 0.0, 0.0, 1.0]], "3": [[-0.014445978565086337, -0.05900801595360089, 0.9981529781333762, 0.024336552257339484], [0.06632013412514427, 0.9960023740927577, 0.05984071031676594, -0.013941525782247145], [0.9976938175176409, -0.06706209700577141, 0.010474809414417521, -0.02703312745603247], [0.0, 0.0, 0.0, 1.0]], "4": [[0.013539749149968264, -0.010533091968553938, 0.9998528537572646, 0.020327411073714313], [-0.08311370282277376, 0.9964722869525522, 0.011622983208041221, 0.0016333023826931856], [0.9964480857506092, 0.08325884523069364, -0.012616540524550888, -0.058553090742411586], [0.0, 0.0, 0.0, 1.0]], "5": [[0.02998894346156881, -0.021967449671062997, 0.9993088083395506, 0.02802770212244257], [-0.015151165677235127, 0.9996336178598878, 0.022429271566166857, 0.09289845906127722], [0.9994353933340017, 0.015813323474752665, -0.029645123578811106, -0.05064934271779094], [0.0, 0.0, 0.0, 1.0]], "6": [[0.031143572411185233, -0.038875138185346936, 0.998758630264865, 0.02812858865656603], [0.05851799669686475, 0.9976002455731897, 0.03700532522367829, 0.06114181731596112], [0.9978004419522266, -0.057292876201097416, -0.03334373069334377, -0.06257771841921511], [0.0, 0.0, 0.0, 1.0]], "7": [[0.045175636299500825, 0.004047824339654933, 0.9989708589358613, 0.03038449535755597], [-0.04656825529579301, 0.9989132232105388, -0.0019416729491356073, 0.025907028391727507], [0.9978930601440458, 0.046432613681018226, -0.0453150405837619, -0.07513334175408083], [0.0, 0.0, 0.0, 1.0]], "8": [[-0.009552321003222286, -0.06419238030175536, 0.9978918235333212, 0.02779793416115014], [-0.06846417347760361, 0.9956375405356803, 0.06339199339113613, -0.02114287883964748], [0.9976078438512216, 0.06771429824835902, 0.013905527650975396, -0.06186457959603021], [0.0, 0.0, 0.0, 1.0]], "9": [[-0.0004435623663997828, -0.04554435421207367, 0.9989622190312454, 0.026540725473070105], [-0.05065961704780757, 0.9976806501153944, 0.04546343130354984, 0.039559698584913344], [0.9987158787427958, 0.05058687759417637, 0.0027497931331499355, -0.050174526276399366], [0.0, 0.0, 0.0, 1.0]], "10": [[0.022407491722170964, 0.012104058735324203, 0.9996756454354866, 0.016613646688726655], [0.028722262103068615, 0.9995061660658502, -0.01274580935213667, 0.055000016977061694], [0.9993362477036514, -0.028998547523804232, -0.02204877019486868, -0.03975792357536317], [0.0, 0.0, 0.0, 1.0]], "11": [[-0.023300037769406787, -0.09710553938557984, 0.9950013178185131, 0.017451293761721578], [-0.05722260708989706, 0.9937693624225786, 0.09564532162138235, -0.019561303343718875], [0.9980895157638824, 0.054708029857213646, 0.02871149580504033, -0.06108783778536959], [0.0, 0.0, 0.0, 1.0]], "12": [[0.029205545801587726, 0.002900656814439024, 0.999569218355826, 0.01610776310088067], [-0.02065293288012564, 0.9997840648330485, -0.002297840150816174, 0.0690427804398932], [0.9993600414554733, 0.0205769262999693, -0.029259146367675487, -0.05170843989446784], [0.0, 0.0, 0.0, 1.0]], "13": [[-0.008128534981875102, 0.022430796818758203, 0.9997153526245007, 0.019601697857403712], [0.09455614614025822, 0.9952859839427142, -0.021562592476082602, 0.04800696757173214], [0.9954863445302268, -0.0943539586941804, 0.010211186639485344, -0.05883039145976446], [0.0, 0.0, 0.0, 1.0]], "14": [[0.04634965850901178, -0.014432629880318256, 0.9988210091657289, 0.02761902572934321], [0.037686155161746185, 0.9992090531790834, 0.012689434742585576, 0.06796871419268932], [0.9982141367788909, -0.037053572563241585, -0.04685690872302525, -0.06389842182944466], [0.0, 0.0, 0.0, 1.0]], "15": [[0.011096943879731383, -0.06839300512912763, 0.9975967395124882, 0.021708541402433633], [0.004387325937386906, 0.9976518954773863, 0.06834798330243168, 0.03445520593212295], [0.9999288020692556, -0.0036183283153186307, -0.011370949500959203, -0.014051816750349472], [0.0, 0.0, 0.0, 1.0]], "16": [[0.06945676813242357, -0.005425203065774315, 0.9975702103272183, 0.021320200926380907], [0.012791597869089372, 0.9999078443469727, 0.004547289011286215, 0.06421036701455732], [0.9975029485593302, -0.012444676978199912, -0.0695197643145783, -0.06663639054102319], [0.0, 0.0, 0.0, 1.0]], "17": [[0.041106691700356524, -0.0007194913720661761, 0.9991545036828005, 0.027614313044496987], [0.001393626613531782, 0.9999988092739949, 0.0006627634999019088, 0.07815814157258251], [0.9991537908161662, -0.001365204292502249, -0.041107645455872525, -0.05825698105301252], [0.0, 0.0, 0.0, 1.0]]}