{"0": [[0.007581110249873976, -0.023221234482385708, 0.999701605998761, 0.020973372901345058], [0.021019511174693802, 0.9995131483742886, 0.02305745816221387, 0.10825445045731188], [0.9997503222892012, -0.020838437946242752, -0.00806551837171597, -0.08536780336475255], [0.0, 0.0, 0.0, 1.0]], "1": [[0.020991640192242735, -0.029162089419603424, 0.9993542532969627, 0.033710448069712774], [0.014926627770286863, 0.9994722398038087, 0.028851995511111363, 0.09950907840378741], [0.9996682183732049, -0.014311338241020174, -0.02141585329386582, -0.07716525938250011], [0.0, 0.0, 0.0, 1.0]], "2": [[0.026587111015891868, -0.009347980140050546, 0.99960279151028, 0.03840708832327222], [-0.04690770706333375, 0.9988431060163361, 0.010588511780033364, 0.0848156325133349], [0.9985453382525474, 0.047170592862039985, -0.026117860233068026, -0.10938827947946059], [0.0, 0.0, 0.0, 1.0]], "3": [[-0.013592108067945327, -0.03438981589711248, 0.9993160636959844, 0.02931436983260405], [-0.13092756577084813, 0.9908650297852938, 0.03231818791216552, 0.06044893752561343], [0.9912987577514668, 0.1303987473527581, 0.017970519448305, -0.039148642247329425], [0.0, 0.0, 0.0, 1.0]], "4": [[0.017937981234039307, -0.0355574661364488, 0.9992066330000011, 0.052855613503170626], [-0.06338665261015357, 0.997316655597381, 0.036628141352351276, 0.021259262745994423], [0.9978278213700608, 0.06399339864394409, -0.01563597869881179, -0.09525461424247507], [0.0, 0.0, 0.0, 1.0]], "5": [[0.017116423059143897, -0.021581778993960528, 0.999620555449471, 0.024904048845174897], [-0.02595532282799507, 0.9994205108638848, 0.022021890960173117, 0.10656699326964905], [0.9995165577810878, 0.02632241022442674, -0.016546342236941507, -0.08810297171152376], [0.0, 0.0, 0.0, 1.0]], "6": [[0.0170258369623476, -0.042763479284741814, 0.998940141207269, 0.02282277846636503], [-0.02471434947498599, 0.998761704110251, 0.04317706952568333, 0.1349294801973722], [0.9995495594545422, 0.02542328150063845, -0.01594788236660883, -0.08371544959721482], [0.0, 0.0, 0.0, 1.0]], "7": [[0.004617078433041547, -0.011931914665930231, 0.9999181526500871, 0.04814276874128529], [-0.0806277929180852, 0.996668810633939, 0.012265435935891664, 0.07706049147599084], [0.9967335860679686, 0.08067782422663568, -0.003639654125662499, -0.09599661232359281], [0.0, 0.0, 0.0, 1.0]], "8": [[0.15536205278259857, -0.0124021490433845, 0.987779742277748, 0.042822861887224166], [-0.001213530449426211, 0.9999180374290533, 0.012745421447973346, 0.049115420678530156], [0.9878568519269584, 0.003178855634319455, -0.15533426852382343, -0.08938789127548474], [0.0, 0.0, 0.0, 1.0]], "9": [[-0.0027271249557358677, 0.0005852960148289794, 0.9999961101014616, 0.028011327233663997], [-0.059635231724739786, 0.9982199563687217, -0.0007468897963897068, 0.09925067245350562], [0.9982165105459928, 0.05963703661154121, 0.0026873662908550905, -0.06615633040415601], [0.0, 0.0, 0.0, 1.0]], "10": [[0.034295863684157504, -0.02573413918963896, 0.9990803510300545, 0.023928536588921145], [0.10172717163663421, 0.9945662522215194, 0.022125833156232896, 0.102742651982782], [0.9942209896622463, -0.10087479379019587, -0.03672736980531786, -0.06436068418177772], [0.0, 0.0, 0.0, 1.0]], "11": [[0.010327883691251715, -0.016742288489501843, 0.9998064965755148, 0.05949450516881396], [0.007139687131559765, 0.9998355707477528, 0.016669023222314373, 0.04819170712813759], [0.9999211767365128, -0.00696614984456126, -0.010445720186742027, -0.09609867713752453], [0.0, 0.0, 0.0, 1.0]], "12": [[0.02246390516592108, -0.03860550128534866, 0.99900199611172, 0.019011009128096047], [0.010751682144412269, 0.9992056950938515, 0.038371606991184144, 0.12271650860366078], [0.9996898390479749, -0.009878975783313683, -0.022861136054683602, -0.04335500235408356], [0.0, 0.0, 0.0, 1.0]], "13": [[-0.0029625716609749868, 0.005946609664217843, 0.9999779302577915, 0.045644094957423456], [-0.053826801922430084, 0.998531670079568, -0.00609747840707578, 0.07527419156433052], [0.998545892067045, 0.05384367819551972, 0.0026381346478569654, -0.10294841419331922], [0.0, 0.0, 0.0, 1.0]], "14": [[0.00944412299137611, -0.03129127758072773, 0.9994656895002882, 0.02247204134597965], [-0.053027928289687366, 0.9980881853862797, 0.03174922067767621, 0.10442176763357718], [0.9985483700663862, 0.053299438455780855, -0.00776675595538405, -0.08359206013481373], [0.0, 0.0, 0.0, 1.0]], "15": [[-0.024727325141260845, -0.07834436932129281, 0.996619646197594, 0.050993810155631904], [0.23935292607235645, 0.9674645387409212, 0.08199111573471357, 0.08821469783153393], [0.9706177085608773, -0.2405712494760564, 0.005170856173741243, -0.01752877226484324], [0.0, 0.0, 0.0, 1.0]], "16": [[-0.06544851219632845, -0.01933651598048738, 0.9976685779361003, 0.01941246223490244], [0.00045286195354122746, 0.9998115491500418, 0.019407758815819486, 0.09521119487101859], [0.9978558448830915, -0.0017220150807530448, 0.06542742159617446, -0.0890242716531127], [0.0, 0.0, 0.0, 1.0]], "17": [[0.009017126614046859, -0.01273587049106873, 0.9998782371021319, 0.037755486210966284], [-0.03991231218590457, 0.9991174910049977, 0.013086118746981484, 0.11297213842450504], [0.999162498677573, 0.04002545153674146, -0.008500850879701285, -0.06896887097768241], [0.0, 0.0, 0.0, 1.0]]}