{"0": [[0.0010272396568793982, -0.003883103231530961, 0.9999919331114596, 0.030099706946227635], [-0.016759162291948366, 0.9998519501558899, 0.0038997754738793193, 0.22424400011343698], [0.9998590276923897, 0.016763033101673586, -0.000962010016954838, 0.005734039995713832], [0.0, 0.0, 0.0, 1.0]], "1": [[-0.0006832453438556905, -0.013490855918396253, 0.9999087608289099, 0.03498924379547065], [0.007974575503199384, 0.9998771261597381, 0.013495878189442256, 0.08954115180946304], [0.9999679691476924, -0.007983068905475278, 0.0005755775417526258, -0.058401865155570554], [0.0, 0.0, 0.0, 1.0]], "2": [[0.10309466835403276, -0.004244751008719318, 0.9946624912229483, 0.041102341327499084], [0.01032548581533993, 0.9999415798530356, 0.003197064855742507, 0.09438195171153263], [0.9946179536383064, -0.009940773103166153, -0.10313247466468702, -0.03853011218184756], [0.0, 0.0, 0.0, 1.0]], "3": [[0.010306368148430285, -0.024792445661141718, 0.9996394917237571, 0.036372821234612045], [-0.005490757195680694, 0.9996761129836086, 0.024849964092678915, 0.07880412502508477], [0.9999318128557654, 0.005744890610683289, -0.010166900750189172, -0.06328933433572921], [0.0, 0.0, 0.0, 1.0]], "4": [[0.010251992547160452, 0.9999470043620249, 0.0009408061566668401, -0.13995386532107912], [0.14246200069342593, -0.0005293373653753783, -0.9898001304103674, 0.3570640092746967], [0.9897471773171412, -0.010281452687489284, 0.14245987759153783, -0.06340754467551793], [0.0, 0.0, 0.0, 1.0]]}