{"1": [[0.040664452013229255, 0.031304355363162485, 0.9986823517404188, 0.050308787075955624], [0.09174223546947441, 0.9951699701018148, -0.03492982734886223, 0.07125724295127253], [0.9949521418508197, -0.09304175376063634, -0.037596109953264886, -0.10597885059542014], [0.0, 0.0, 0.0, 1.0]], "2": [[0.13037691061201823, 0.004723764191739623, 0.9914532501490606, 0.008399159865679896], [0.03478321951443312, 0.9993512784047741, -0.009335415950209779, 0.0990420569970157], [0.990854171318608, -0.03570305872910114, -0.13012802456776892, -0.06542923082140517], [0.0, 0.0, 0.0, 1.0]], "3": [[0.009237702985370612, -0.03512405495783863, 0.9993402651784242, 0.003977138565675227], [0.029178007232290776, 0.9989668331285191, 0.03484121414554546, 0.06858403108266692], [0.9995315446435434, -0.028836904696969645, -0.010253008826264672, -0.05200413036875196], [0.0, 0.0, 0.0, 1.0]]}